{
  "train_loss": [
    1.2652880449295043,
    0.5716005010604859,
    0.4886161444187164,
    0.4451946401309967,
    0.41242883039474487,
    0.3931933244037628,
    0.3825871036052704,
    0.36746143662452696,
    0.3568436192417145,
    0.34263979553222657,
    0.33874666540145876,
    0.33254127077102663,
    0.326028332862854,
    0.3188221925830841,
    0.3145305953502655,
    0.31089416182518004,
    0.2965415875816345,
    0.2962064820766449,
    0.2905676194190979,
    0.29072214166641236,
    0.2806496169185638,
    0.2810004184627533
  ],
  "train_acc": [
    0.7323,
    0.80338,
    0.82656,
    0.83942,
    0.85112,
    0.85556,
    0.86242,
    0.86522,
    0.8689,
    0.87414,
    0.87494,
    0.87692,
    0.87902,
    0.88038,
    0.88392,
    0.8842,
    0.88862,
    0.89112,
    0.89074,
    0.89178,
    0.89552,
    0.89506
  ],
  "val_loss": [
    0.4665163510322571,
    0.4332220544338226,
    0.39190014283657076,
    0.37676842226982116,
    0.36788968505859376,
    0.35692953276634215,
    0.3512990108251572,
    0.3672251169204712,
    0.3477686980485916,
    0.35513001952171325,
    0.33237595148086546,
    0.33155888314247134,
    0.3373398536324501,
    0.32553727650642394,
    0.3309359595060348,
    0.32030125225782397,
    0.31795287301540376,
    0.32255800656080247,
    0.327033887386322,
    0.3182156078338623,
    0.3195430653572083,
    0.34336366872787477
  ],
  "val_acc": [
    0.8398,
    0.8481,
    0.8562,
    0.866,
    0.8652,
    0.8675,
    0.8756,
    0.8655,
    0.8747,
    0.8758,
    0.8803,
    0.8791,
    0.878,
    0.8831,
    0.8827,
    0.8882,
    0.8868,
    0.8867,
    0.8873,
    0.889,
    0.8867,
    0.8762
  ]
}